,Date,StockCode,StockName,Value,ValueFormatted,ChangeDay,ChangeDayFormatted,Change12M,Change12MFormatted,Volume,VolumeFormatted
0,2025-07-21T17:07:00,VALE3,VALE ON NM,56.05,"56,05",2.73094,"2,73",-1.03608,"-1,03",2133133047.0,"2,13 B"
1,2025-07-21T17:07:00,BBAS3,BRASIL ON NM,19.86,"19,86",-1.97433,"-1,97",-20.79287,"-20,79",778456699.0,"778,46 M"
2,2025-07-21T17:07:00,PETR4,PETROBRAS PN N2,31.05,"31,05",0.19361,"0,19",-6.77803,"-6,77",437998811.0,438 M
3,2025-07-21T17:07:00,BBDC4,BRADESCO PN N1,15.68,"15,68",0.06382,"0,06",36.20452,"36,20",375885858.0,"375,89 M"
4,2025-07-21T17:07:00,EMBR3,EMBRAER ON NM,68.12,"68,12",-0.26354,"-0,26",64.23441,"64,23",342696259.0,"342,7 M"
5,2025-07-21T17:07:00,ITUB4,ITAUUNIBANCOPN N1,35.48,"35,48",1.16909,"1,16",22.6434,"22,64",326106506.0,"326,11 M"
6,2025-07-21T17:07:00,B3SA3,B3 ON NM,13.1,"13,10",1.00231,"1,00",19.81853,"19,81",291644099.0,"291,64 M"
7,2025-07-21T17:07:00,WEGE3,WEG ON NM,41.97,"41,97",-0.94406,"-0,94",-9.84024,"-9,84",288632894.0,"288,63 M"
8,2025-07-21T17:07:00,FLRY3,FLEURY ON NM,14.51,"14,51",14.88519,"14,88",0.05241,"0,05",259035181.0,"259,04 M"
9,2025-07-21T17:07:00,ABEV3,AMBEV S/A ON,13.42,"13,42",0.75075,"0,75",22.60298,"22,60",237927485.0,"237,93 M"
10,2025-07-21T17:07:00,LREN3,LOJAS RENNERON NM,17.47,"17,47",-1.46644,"-1,46",53.45561,"53,45",202832641.0,"202,83 M"
11,2025-07-21T17:07:00,RENT3,LOCALIZA ON NM,35.82,"35,82",0.05587,"0,05",-14.02753,"-14,02",176094602.0,"176,09 M"
12,2025-07-21T17:07:00,PRIO3,PETRORIO ON NM,42.76,"42,76",-1.2243,"-1,22",-5.58622,"-5,58",176089104.0,"176,09 M"
13,2025-07-21T17:07:00,SUZB3,SUZANO S.A. ON ATZ NM,51.0,"51,00",0.7706,"0,77",-2.2333,"-2,23",171711869.0,"171,71 M"
14,2025-07-21T17:07:00,RAIL3,RUMO S.A. ON NM,16.61,"16,61",0.18094,"0,18",-23.33752,"-23,33",162208104.0,"162,21 M"
15,2025-07-21T17:07:00,MGLU3,MAGAZ LUIZA ON NM,7.6,"7,60",-3.5533,"-3,55",-37.69011,"-37,69",148492721.0,"148,49 M"
16,2025-07-21T17:07:00,SBSP3,SABESP ON NM,111.21,"111,21",0.47886,"0,47",34.95704,"34,95",147750690.0,"147,75 M"
17,2025-07-21T17:07:00,GGBR4,GERDAU PN N1,16.62,"16,62",3.16574,"3,16",-8.29535,"-8,29",136921101.0,"136,92 M"
18,2025-07-21T17:07:00,PETR3,PETROBRAS ON N2,33.73,"33,73",0.26754,"0,26",-7.05019,"-7,05",132408720.0,"132,41 M"
19,2025-07-21T17:07:00,VBBR3,VIBRA ON NM,20.25,"20,25",0.04941,"0,04",-6.57698,"-6,57",130576995.0,"130,58 M"
20,2025-07-21T17:07:00,INBR32,INTER CO DR2,37.93,"37,93",-1.98966,"-1,98",-0.01107,"-0,01",130255748.08,"130,26 M"
21,2025-07-21T17:07:00,BBSE3,BBSEGURIDADEON NM,34.46,"34,46",0.40793,"0,40",11.3963,"11,39",122930717.0,"122,93 M"
22,2025-07-21T17:07:00,RDOR3,REDE D OR ON NM,33.02,"33,02",0.39526,"0,39",20.37037,"20,37",121387921.0,"121,39 M"
23,2025-07-21T17:07:00,ITSA4,ITAUSA PN N1,10.56,"10,56",1.05263,"1,05",17.20311,"17,20",113287262.0,"113,29 M"
24,2025-07-21T17:07:00,ELET3,ELETROBRAS ON N1,39.07,"39,07",0.28234,"0,28",10.25169,"10,25",112356204.0,"112,36 M"
25,2025-07-21T17:07:00,VIVA3,VIVARA S.A. ON NM,25.7,"25,70",0.46912,"0,46",17.8964,"17,89",109285869.0,"109,29 M"
26,2025-07-21T17:07:00,CSAN3,COSAN ON NM,5.83,"5,83",-2.18121,"-2,18",-58.44619,"-58,44",109123654.0,"109,12 M"
27,2025-07-21T17:07:00,CYRE3,CYRELA REALTON NM,26.33,"26,33",-0.94056,"-0,94",37.47768,"37,47",108278240.0,"108,28 M"
28,2025-07-21T17:07:00,CPLE6,COPEL PNB N2,11.91,"11,91",0.25253,"0,25",27.09287,"27,09",103848302.0,"103,85 M"
29,2025-07-21T17:07:00,RADL3,RAIADROGASILON NM,14.01,"14,01",3.54767,"3,54",-44.65863,"-44,65",102707395.0,"102,71 M"
30,2025-07-21T17:07:00,TOTS3,TOTVS ON NM,42.11,"42,11",0.98321,"0,98",53.27553,"53,27",100376315.0,"100,38 M"
31,2025-07-21T17:07:00,EQTL3,EQUATORIAL ON NM,34.34,"34,34",0.35067,"0,35",8.71733,"8,71",95546060.0,"95,55 M"
32,2025-07-21T17:07:00,MOTV3,MOTIVA SA ON NM,12.42,"12,42",-1.03586,"-1,03",2.58274,"2,58",90400938.0,"90,4 M"
33,2025-07-21T17:07:00,SMFT3,SMART FIT ON NM,21.53,"21,53",-1.91344,"-1,91",-0.64514,"-0,64",89674506.0,"89,67 M"
34,2025-07-21T17:07:00,VIVT3,TELEF BRASILON,31.0,"31,00",0.16155,"0,16",34.48032,"34,48",88828733.0,"88,83 M"
35,2025-07-21T17:07:00,HAPV3,HAPVIDA ON NM,31.49,"31,49",-2.17459,"-2,17",-46.03256,"-46,03",87102084.0,"87,1 M"
36,2025-07-21T17:07:00,HYPE3,HYPERA ON NM,26.02,"26,02",-1.514,"-1,51",-3.95015,"-3,95",86976312.0,"86,98 M"
37,2025-07-21T17:07:00,PSSA3,PORTO SEGUROON NM,52.05,"52,05",0.46323,"0,46",80.72979,"80,72",80556471.0,"80,56 M"
38,2025-07-21T17:07:00,CSNA3,SID NACIONALON,7.99,"7,99",2.17391,"2,17",-33.60148,"-33,60",78876153.0,"78,88 M"
39,2025-07-21T17:07:00,TIMS3,TIM ON NM,20.25,"20,25",-0.5891,"-0,58",31.83594,"31,83",76895363.0,"76,9 M"
40,2025-07-21T17:07:00,BRAV3,BRAVA ON ATZ NM,18.46,"18,46",-1.49413,"-1,49",-31.98231,"-31,98",76351852.0,"76,35 M"
41,2025-07-21T17:07:00,MRFG3,MARFRIG ON NM,22.83,"22,83",0.83922,"0,83",137.8125,"137,81",76040534.0,"76,04 M"
42,2025-07-21T17:07:00,PCAR3,P.ACUCAR-CBDON NM,3.34,"3,34",-7.73481,"-7,73",14.77663,"14,77",73755615.0,"73,76 M"
43,2025-07-21T17:07:00,ALOS3,ALLOS ON NM,21.59,"21,59",-0.36917,"-0,36",4.3096,"4,30",72189289.0,"72,19 M"
44,2025-07-21T17:07:00,YDUQ3,YDUQS PART ON NM,13.13,"13,13",-1.2782,"-1,27",20.91575,"20,91",71423970.0,"71,42 M"
45,2025-07-21T17:07:00,MULT3,MULTIPLAN ON N2,25.35,"25,35",0.43582,"0,43",7.33294,"7,33",66808802.0,"66,81 M"
46,2025-07-21T17:07:00,SRNA3,SERENA ON NM,11.77,"11,77",0.08503,"0,08",33.29558,"33,29",65498973.0,"65,5 M"
47,2025-07-21T17:07:00,BRFS3,BRF SA ON NM,21.4,"21,40",4.90196,"4,90",4.32307,"4,32",65325823.0,"65,33 M"
48,2025-07-21T17:07:00,ASAI3,ASSAI ON NM,9.73,"9,73",0.10288,"0,10",-6.26656,"-6,26",65178302.0,"65,18 M"
49,2025-07-21T17:07:00,POMO4,MARCOPOLO PN N2,8.25,"8,25",1.22699,"1,22",34.2686,"34,26",64327374.0,"64,33 M"
50,2025-07-21T17:07:00,DIRR3,DIRECIONAL ON NM,40.25,"40,25",-0.02484,"-0,02",58.33678,"58,33",62599159.0,"62,6 M"
51,2025-07-21T17:07:00,CSMG3,COPASA ON NM,25.84,"25,84",-1.07198,"-1,07",34.92134,"34,92",62027352.0,"62,03 M"
52,2025-07-21T17:07:00,COGN3,COGNA ON ON NM,2.59,"2,59",0.0,"0,00",59.5024,"59,50",61563204.0,"61,56 M"
53,2025-07-21T17:13:00,RAPT4,RANDON PART PN ES N1,7.36,"7,36",-6.4803,"-6,48",-33.19779,"-33,19",60719555.0,"60,72 M"
54,2025-07-21T17:07:00,BRAP4,BRADESPAR PN N1,16.58,"16,58",2.40889,"2,40",-2.60808,"-2,60",55387951.0,"55,39 M"
55,2025-07-21T17:07:00,BBDC3,BRADESCO ON N1,13.48,"13,48",0.22305,"0,22",27.06193,"27,06",55125176.0,"55,13 M"
56,2025-07-21T17:07:00,UGPA3,ULTRAPAR ON NM,15.74,"15,74",0.25478,"0,25",-29.50997,"-29,50",53764774.0,"53,76 M"
57,2025-07-21T17:07:00,GOAU4,GERDAU MET PN N1,9.31,"9,31",3.44444,"3,44",-12.84077,"-12,84",52848718.0,"52,85 M"
58,2025-07-21T17:07:00,CPFE3,CPFL ENERGIAON NM,38.31,"38,31",0.34049,"0,34",25.46998,"25,46",49674276.0,"49,67 M"
59,2025-07-21T17:07:00,USIM5,USIMINAS PNA N1,4.01,"4,01",2.29592,"2,29",-52.98945,"-52,98",47440382.0,"47,44 M"
60,2025-07-21T17:07:00,CMIG4,CEMIG PN N1,10.48,"10,48",0.96339,"0,96",16.97473,"16,97",46153013.0,"46,15 M"
61,2025-07-21T17:07:00,BRKM5,BRASKEM PNA N1,8.43,"8,43",1.81159,"1,81",-53.98472,"-53,98",45801173.0,"45,8 M"
62,2025-07-21T17:07:00,MRVE3,MRV ON NM,5.89,"5,89",-1.0084,"-1,00",-12.61128,"-12,61",44490687.0,"44,49 M"
63,2025-07-21T17:07:00,TEND3,TENDA ON NM,21.38,"21,38",-4.89324,"-4,89",74.80459,"74,80",39411079.0,"39,41 M"
64,2025-07-21T17:07:00,ENEV3,ENEVA ON NM,13.8,"13,80",0.80351,"0,80",9.87261,"9,87",38723804.0,"38,72 M"
65,2025-07-21T17:07:00,NATU3,NATURA ON NM,9.4,"9,40",-1.15668,"-1,15",-37.62442,"-37,62",37719110.0,"37,72 M"
66,2025-07-21T17:07:00,CMIN3,CSNMINERACAOON N2,5.28,"5,28",4.7619,"4,76",16.67477,"16,67",37143544.0,"37,14 M"
67,2025-07-21T17:07:00,BEEF3,MINERVA ON NM,5.13,"5,13",0.19531,"0,19",-3.03191,"-3,03",36629438.0,"36,63 M"
68,2025-07-21T17:07:00,PETZ3,PETZ ON ATZ NM,4.01,"4,01",1.51899,"1,51",8.81659,"8,81",35920132.0,"35,92 M"
69,2025-07-21T17:07:00,INTB3,INTELBRAS ON NM,14.85,"14,85",2.06186,"2,06",-29.837,"-29,83",35058156.0,"35,06 M"
70,2025-07-21T17:07:00,MOVI3,MOVIDA ON NM,6.14,"6,14",-3.30709,"-3,30",5.02369,"5,02",32427825.0,"32,43 M"
71,2025-07-21T17:07:00,VAMO3,VAMOS ON NM,3.86,"3,86",0.52083,"0,52",-53.66536,"-53,66",32386600.0,"32,39 M"
72,2025-07-21T17:07:00,ANIM3,ANIMA ON NM,3.61,"3,61",-1.36612,"-1,36",18.87122,"18,87",32139131.0,"32,14 M"
73,2025-07-21T17:06:00,CURY3,CURY S/A ON NM,29.57,"29,57",-0.8051,"-0,80",45.16446,"45,16",31639860.0,"31,64 M"
74,2025-07-21T17:07:00,CPLE3,COPEL ON N2,11.1,"11,10",-0.09001,"-0,09",33.86235,"33,86",31354367.0,"31,35 M"
75,2025-07-21T17:07:00,GGPS3,GPS ON NM,14.97,"14,97",-1.0575,"-1,05",-9.45765,"-9,45",31165406.0,"31,17 M"
76,2025-07-21T17:07:00,EGIE3,ENGIE BRASILON NM,41.97,"41,97",0.62335,"0,62",-2.90521,"-2,90",30917865.0,"30,92 M"
77,2025-07-21T17:07:00,CEAB3,CEA MODAS ON NM,16.78,"16,78",1.5124,"1,51",87.73565,"87,73",30473017.0,"30,47 M"
78,2025-07-21T17:07:00,CXSE3,CAIXA SEGURION NM,13.96,"13,96",-0.07158,"-0,07",3.70007,"3,70",29282003.0,"29,28 M"
79,2025-07-21T17:07:00,CVCB3,CVC BRASIL ON NM,2.31,"2,31",-3.34728,"-3,34",23.52941,"23,52",26924512.0,"26,92 M"
80,2025-07-21T17:07:00,ISAE4,ISA ENERGIA PN N1,22.58,"22,58",0.62389,"0,62",0.22237,"0,22",25637940.0,"25,64 M"
81,2025-07-21T17:07:00,AZZA3,AZZAS 2154 ON NM,35.53,"35,53",-0.4483,"-0,44",-31.05817,"-31,05",25247431.0,"25,25 M"
82,2025-07-21T17:07:00,SLCE3,SLC AGRICOLAON NM,18.09,"18,09",-0.6044,"-0,60",-3.82673,"-3,82",25068597.0,"25,07 M"
83,2025-07-21T17:07:00,ELET6,ELETROBRAS PNB N1,42.63,"42,63",0.37674,"0,37",8.22901,"8,22",24635580.0,"24,64 M"
84,2025-07-21T17:06:00,SBFG3,GRUPO SBF ON NM,11.73,"11,73",-1.59396,"-1,59",-8.68184,"-8,68",24504090.0,"24,5 M"
85,2025-07-21T17:07:00,AZUL4,AZUL PN N2,0.67,"0,67",6.34921,"6,34",-92.00477,"-92,00",23341702.0,"23,34 M"
86,2025-07-21T16:54:00,BIAU39,GOLD TRUST DRE,89.16,"89,16",0.81411,"0,81",40.43156,"40,43",23125808.79,"23,13 M"
87,2025-07-21T17:07:00,ORVR3,ORIZON ON NM,48.41,"48,41",-1.20408,"-1,20",13.58517,"13,58",22539632.0,"22,54 M"
88,2025-07-21T17:07:00,SMTO3,SAO MARTINHOON NM,17.64,"17,64",-0.7874,"-0,78",-42.86084,"-42,86",20835444.0,"20,84 M"
89,2025-07-21T17:07:00,AURE3,AUREN ON NM,9.05,"9,05",1.23043,"1,23",-26.20438,"-26,20",20296996.0,"20,3 M"
90,2025-07-21T17:07:00,CASH3,MELIUZ ON NM,6.44,"6,44",-4.73373,"-4,73",80.70599,"80,70",19910144.0,"19,91 M"
91,2025-07-21T17:06:00,NEOE3,NEOENERGIA ON NM,23.45,"23,45",-0.21277,"-0,21",31.57895,"31,57",19022293.0,"19,02 M"
92,2025-07-21T17:07:00,ITUB3,ITAUUNIBANCOON N1,31.7,"31,70",1.08418,"1,08",29.85311,"29,85",18853257.0,"18,85 M"
93,2025-07-21T17:07:00,DXCO3,DEXCO ON NM,5.4,"5,40",5.05837,"5,05",-21.97547,"-21,97",17407891.0,"17,41 M"
94,2025-07-21T17:07:00,IRBR3,IRBBRASIL REON NM,44.0,"44,00",-0.45249,"-0,45",46.71557,"46,71",17407875.0,"17,41 M"
95,2025-07-21T17:07:00,MDNE3,MOURA DUBEUXON NM,20.56,"20,56",-2.65152,"-2,65",68.95806,"68,95",17405005.0,"17,41 M"
96,2025-07-21T17:07:00,STBP3,SANTOS BRP ON NM,13.89,"13,89",0.21645,"0,21",18.53761,"18,53",16998855.0,17 M
97,2025-07-21T17:06:00,ABCB4,ABC BRASIL PN N2,20.36,"20,36",-2.11538,"-2,11",-2.53943,"-2,53",16923454.0,"16,92 M"
98,2025-07-21T17:06:00,JHSF3,JHSF PART ON NM,4.95,"4,95",-1.78571,"-1,78",33.76209,"33,76",15539894.0,"15,54 M"
99,2025-07-21T17:07:00,RAIZ4,RAIZEN PN N2,1.49,"1,49",-1.97368,"-1,97",-51.14113,"-51,14",15508984.0,"15,51 M"
100,2025-07-21T17:06:00,BRSR6,BANRISUL PNB N1,10.53,"10,53",-0.75401,"-0,75",-1.77422,"-1,77",15332024.0,"15,33 M"
101,2025-07-21T17:06:00,ODPV3,ODONTOPREV ON NM,11.35,"11,35",0.44248,"0,44",3.05628,"3,05",15109255.0,"15,11 M"
102,2025-07-21T17:07:00,RECV3,PETRORECSA ON NM,13.56,"13,56",-1.31004,"-1,31",-26.76288,"-26,76",15038091.0,"15,04 M"
103,2025-07-21T17:07:00,EZTC3,EZTEC ON NM,13.02,"13,02",-0.53476,"-0,53",-0.97805,"-0,97",15030725.0,"15,03 M"
104,2025-07-21T17:07:00,PLPL3,PLANOEPLANO ON NM,13.71,"13,71",-0.29091,"-0,29",37.38989,"37,38",14810049.0,"14,81 M"
105,2025-07-21T17:07:00,HBSA3,HIDROVIAS ON NM,3.7,"3,70",2.20994,"2,20",4.1696,"4,16",14139019.0,"14,14 M"
106,2025-07-21T17:06:00,SIMH3,SIMPAR ON NM,4.13,"4,13",-2.82353,"-2,82",-34.26812,"-34,26",13775514.0,"13,78 M"
107,2025-07-21T17:07:00,LWSA3,LWSA ON NM,3.81,"3,81",-2.30769,"-2,30",-10.51717,"-10,51",13724590.0,"13,72 M"
108,2025-07-21T17:07:00,ECOR3,ECORODOVIAS ON NM,6.64,"6,64",-2.20913,"-2,20",-6.47887,"-6,47",13653188.0,"13,65 M"
109,2025-07-21T17:06:00,VULC3,VULCABRAS ON ED NM,18.6,"18,60",-1.22146,"-1,22",31.29844,"31,29",13185152.0,"13,19 M"
110,2025-07-21T17:06:00,ARML3,ARMAC ON NM,3.85,"3,85",-1.78571,"-1,78",-59.66052,"-59,66",12873968.0,"12,87 M"
111,2025-07-21T17:07:00,TTEN3,3TENTOS ON NM,13.55,"13,55",1.8797,"1,87",26.51019,"26,51",12746434.0,"12,75 M"
112,2025-07-21T17:06:00,BPAN4,BANCO PAN PN N1,7.71,"7,71",1.44737,"1,44",-8.55069,"-8,55",12300317.0,"12,3 M"
113,2025-07-21T17:06:00,GMAT3,GRUPO MATEUSON NM,7.61,"7,61",-1.29702,"-1,29",9.64944,"9,64",11674422.0,"11,67 M"
114,2025-07-21T17:06:00,GRND3,GRENDENE ON NM,5.07,"5,07",-0.58824,"-0,58",-8.88178,"-8,88",9483322.0,"9,48 M"
115,2025-07-21T17:07:00,BHIA3,CASAS BAHIA ON NM,2.95,"2,95",-2.31788,"-2,31",-40.40404,"-40,40",9331418.0,"9,33 M"
116,2025-07-21T17:06:00,KEPL3,KEPLER WEBERON NM,7.26,"7,26",0.27624,"0,27",-23.62558,"-23,62",9330612.0,"9,33 M"
117,2025-07-21T17:07:00,FRAS3,FRAS-LE ON N1,23.76,"23,76",0.04211,"0,04",19.72729,"19,72",9316652.0,"9,32 M"
118,2025-07-21T17:07:00,SAPR4,SANEPAR PN N2,6.95,"6,95",-0.4298,"-0,42",38.11331,"38,11",9128457.0,"9,13 M"
119,2025-07-21T17:07:00,ONCO3,ONCOCLINICASON NM,5.4,"5,40",-1.27971,"-1,27",-24.05063,"-24,05",8449046.0,"8,45 M"
120,2025-07-21T17:06:00,UNIP6,UNIPAR PNB,55.69,"55,69",-0.85455,"-0,85",19.696,"19,69",8223493.0,"8,22 M"
121,2025-07-21T17:07:00,CBAV3,CBA ON NM,4.56,"4,56",1.33333,"1,33",-31.63418,"-31,63",8165837.0,"8,17 M"
122,2025-07-21T17:07:00,MYPK3,IOCHP-MAXIONON NM,13.71,"13,71",-0.29091,"-0,29",20.69618,"20,69",7680067.0,"7,68 M"
123,2025-07-21T17:06:00,ALPA4,ALPARGATAS PN N1,8.56,"8,56",0.3517,"0,35",-2.13564,"-2,13",7637524.0,"7,64 M"
124,2025-07-21T17:06:00,SYNE3,SYN PROP TECON NM,6.65,"6,65",2.62346,"2,62",72.82154,"72,82",7597539.0,"7,6 M"
125,2025-07-21T17:07:00,GOLL54,GOL PN *P N2,4.04,"4,04",13.16527,"13,16",-73.66362,"-73,66",7118686.11,"7,12 M"
126,2025-07-21T17:07:00,MDIA3,M.DIASBRANCOON NM,24.54,"24,54",-0.7683,"-0,76",-13.02067,"-13,02",6597991.0,"6,6 M"
127,2025-07-21T17:06:00,TUPY3,TUPY ON NM,16.71,"16,71",-1.59011,"-1,59",-31.44362,"-31,44",6588679.0,"6,59 M"
128,2025-07-21T17:07:00,PNVL3,DIMED ON NM,9.24,"9,24",1.65017,"1,65",-3.54604,"-3,54",6155546.0,"6,16 M"
129,2025-07-21T17:07:00,LEVE3,METAL LEVE ON NM,28.65,"28,65",-0.17422,"-0,17",-6.23619,"-6,23",6064178.0,"6,06 M"
130,2025-07-21T17:06:00,AMER3,AMERICANAS ON NM,5.0,"5,00",-1.96078,"-1,96",-92.85714,"-92,85",5921964.0,"5,92 M"
131,2025-07-21T17:07:00,VLID3,VALID ON NM,22.17,"22,17",-0.04509,"-0,04",50.05178,"50,05",5834935.0,"5,83 M"
132,2025-07-21T17:07:00,TGMA3,TEGMA ON NM,34.39,"34,39",1.68539,"1,68",54.28028,"54,28",5791408.0,"5,79 M"
133,2025-07-21T17:06:00,CAML3,CAMIL ON NM,4.9,"4,90",-1.60643,"-1,60",-42.27008,"-42,27",5752365.0,"5,75 M"
134,2025-07-21T17:07:00,TRIS3,TRISUL ON NM,6.35,"6,35",0.79365,"0,79",31.35576,"31,35",5585191.0,"5,59 M"
135,2025-07-21T17:07:00,SOJA3,BOA SAFRA ON NM,10.41,"10,41",1.36319,"1,36",-30.75096,"-30,75",5543565.0,"5,54 M"
136,2025-07-21T17:06:00,LAVV3,LAVVI ON NM,11.96,"11,96",-0.91135,"-0,91",45.45808,"45,45",5435611.0,"5,44 M"
137,2025-07-21T17:07:00,BMOB3,BEMOBI TECH ON NM,21.43,"21,43",-0.78704,"-0,78",56.88026,"56,88",5060635.0,"5,06 M"
138,2025-07-21T17:07:00,LOGG3,LOG COM PROPON NM,19.6,"19,60",-0.96008,"-0,96",-6.67778,"-6,67",4914822.0,"4,91 M"
139,2025-07-21T17:07:00,AMBP3,AMBIPAR ON NM,142.7,"142,70",0.64179,"0,64",426.17994,"426,17",4903841.0,"4,9 M"
140,2025-07-21T17:07:00,FESA4,FERBASA PN N1,6.75,"6,75",2.27273,"2,27",-17.33209,"-17,33",4752174.0,"4,75 M"
141,2025-07-21T17:07:00,PORT3,WILSON SONS ON NM,17.56,"17,56",0.17114,"0,17",18.56693,"18,56",4556519.0,"4,56 M"
142,2025-07-21T15:21:00,BIYF39,US FINANCIALDRE,45.55,"45,55",0.02196,"0,02",23.40896,"23,40",4555728.64,"4,56 M"
143,2025-07-21T17:07:00,MILS3,MILLS ON NM,11.14,"11,14",-0.17921,"-0,17",3.4201,"3,42",4514068.0,"4,51 M"
144,2025-07-21T17:07:00,GUAR3,GUARARAPES ON NM,7.61,"7,61",-1.04031,"-1,04",3.67847,"3,67",4360738.0,"4,36 M"
145,2025-07-21T17:07:00,PRNR3,PRINER ON NM,15.0,"15,00",-1.63934,"-1,63",41.86141,"41,86",4327623.0,"4,33 M"
146,2025-07-21T17:07:00,KLBN4,KLABIN S/A PN N2,3.71,"3,71",-0.53619,"-0,53",-8.41315,"-8,41",4204312.0,"4,2 M"
147,2025-07-21T17:07:00,RCSL4,RECRUSUL PN,1.05,"1,05",-0.9434,"-0,94",2.94118,"2,94",4078416.0,"4,08 M"
148,2025-07-21T17:07:00,POSI3,POSITIVO TECON NM,4.23,"4,23",-3.64465,"-3,64",-34.59606,"-34,59",4043347.0,"4,04 M"
149,2025-07-21T17:07:00,RANI3,IRANI ON NM,7.14,"7,14",0.2809,"0,28",-9.35866,"-9,35",4030042.0,"4,03 M"
150,2025-07-21T17:06:00,TFCO4,TRACK FIELD PN N2,14.09,"14,09",-1.67481,"-1,67",28.0653,"28,06",3685465.0,"3,69 M"
151,2025-07-21T17:07:00,PINE4,PINE PN EJ N2,5.83,"5,83",1.56794,"1,56",53.93552,"53,93",3652938.0,"3,65 M"
152,2025-07-21T17:07:00,JSLG3,JSL ON NM,5.25,"5,25",0.96154,"0,96",-43.88148,"-43,88",3584344.0,"3,58 M"
153,2025-07-21T17:06:00,AGRO3,BRASILAGRO ON NM,20.35,"20,35",-0.68326,"-0,68",-22.09155,"-22,09",3426932.0,"3,43 M"
154,2025-07-21T17:07:00,OIBR3,OI ON N1,0.52,"0,52",-8.77193,"-8,77",-88.0424,"-88,04",3352960.0,"3,35 M"
155,2025-07-21T17:06:00,BLAU3,BLAU ON NM,12.64,"12,64",3.77668,"3,77",14.46269,"14,46",3226309.0,"3,23 M"
156,2025-07-21T17:07:00,EVEN3,EVEN ON NM,6.93,"6,93",-1.14123,"-1,14",16.10179,"16,10",3177720.0,"3,18 M"
157,2025-07-21T17:06:00,SEER3,SER EDUCA ON NM,8.46,"8,46",0.71429,"0,71",67.85381,"67,85",3173025.0,"3,17 M"
158,2025-07-21T17:07:00,HBOR3,HELBOR ON NM,2.25,"2,25",1.35135,"1,35",5.51986,"5,51",3103722.0,"3,1 M"
159,2025-07-21T17:06:00,GFSA3,GAFISA ON NM,16.92,"16,92",-5.15695,"-5,15",389.01734,"389,01",3045920.0,"3,05 M"
160,2025-07-21T17:07:00,TASA4,TAURUS ARMASPN N2,5.38,"5,38",-6.43478,"-6,43",-49.54421,"-49,54",2981248.0,"2,98 M"
161,2025-07-21T17:07:00,MATD3,MATER DEI ON NM,4.46,"4,46",3.48028,"3,48",0.87987,"0,87",2897068.0,"2,9 M"
162,2025-07-21T17:07:00,WIZC3,WIZ CO ON NM,7.33,"7,33",-0.54274,"-0,54",31.77765,"31,77",2880880.0,"2,88 M"
163,2025-07-21T17:05:00,BRAP3,BRADESPAR ON N1,14.99,"14,99",0.0,"0,00",-9.27798,"-9,27",2283058.0,"2,28 M"
164,2025-07-21T17:07:00,ZAMP3,ZAMP S.A. ON,3.4,"3,40",0.0,"0,00",1.16338,"1,16",2231822.0,"2,23 M"
165,2025-07-21T17:07:00,OPCT3,OCEANPACT ON NM,6.33,"6,33",-1.40187,"-1,40",-1.40187,"-1,40",2200634.0,"2,2 M"
166,2025-07-21T17:05:00,BMGB4,BANCO BMG PN N1,3.71,"3,71",0.81522,"0,81",12.27794,"12,27",2187096.0,"2,19 M"
167,2025-07-21T17:07:00,QUAL3,QUALICORP ON NM,1.66,"1,66",-0.5988,"-0,59",3.03519,"3,03",2175195.0,"2,18 M"
168,2025-07-21T17:07:00,LJQQ3,QUERO-QUERO ON NM,2.37,"2,37",0.0,"0,00",-39.07612,"-39,07",2150043.0,"2,15 M"
169,2025-07-21T17:07:00,MTRE3,MITRE REALTYON ED NM,3.64,"3,64",-2.93333,"-2,93",5.11725,"5,11",2143436.0,"2,14 M"
170,2025-07-21T17:07:00,CMIG3,CEMIG ON N1,15.0,"15,00",0.40161,"0,40",31.19916,"31,19",2034898.0,"2,03 M"
171,2025-07-21T17:07:00,HBRE3,HBR REALTY ON NM,2.92,"2,92",-2.99003,"-2,99",-48.0427,"-48,04",1991866.0,"1,99 M"
172,2025-07-21T17:06:00,JALL3,JALLESMACHADON NM,3.56,"3,56",-0.28011,"-0,28",-51.40529,"-51,40",1855513.0,"1,86 M"
173,2025-07-21T17:07:00,SAPR3,SANEPAR ON N2,7.68,"7,68",-1.91571,"-1,91",61.48703,"61,48",1666100.0,"1,67 M"
174,2025-07-21T17:07:00,TAEE4,TAESA PN N2,11.25,"11,25",0.08897,"0,08",5.60901,"5,60",1637654.0,"1,64 M"
175,2025-07-21T17:06:00,SHUL4,SCHULZ PN,5.12,"5,12",0.39216,"0,39",-17.24316,"-17,24",1600156.0,"1,6 M"
176,2025-07-21T17:06:00,PGMN3,PAGUE MENOS ON NM,3.44,"3,44",0.87977,"0,87",32.63418,"32,63",1544161.0,"1,54 M"
177,2025-07-21T17:07:00,LIGT3,LIGHT S/A ON NM,5.78,"5,78",-1.53322,"-1,53",27.31278,"27,31",1262305.0,"1,26 M"
178,2025-07-21T17:00:00,GOAU3,GERDAU MET ON N1,9.32,"9,32",3.55556,"3,55",-12.15503,"-12,15",1163937.0,"1,16 M"
179,2025-07-21T17:11:00,VITT3,VITTIA ON EJ NM,4.95,"4,95",2.04818,"2,04",-15.36725,"-15,36",1102260.0,"1,1 M"
180,2025-07-21T17:06:00,USIM3,USIMINAS ON N1,4.1,"4,10",1.99005,"1,99",-47.96954,"-47,96",1055542.0,"1,06 M"
181,2025-07-21T17:08:00,PFRM3,PROFARMA ON NM,7.9,"7,90",-1.49626,"-1,49",53.41593,"53,41",1035817.0,"1,04 M"
182,2025-07-21T17:07:00,VTRU3,VITRUEDUCA ON NM,8.9,"8,90",-0.55866,"-0,55",-32.70525,"-32,70",1019761.0,"1,02 M"
183,2025-07-21T17:07:00,SANB4,SANTANDER BRPN EJ,13.71,"13,71",-0.58013,"-0,58",-4.21764,"-4,21",1006497.0,"1,01 M"
184,2025-07-21T17:05:00,KLBN3,KLABIN S/A ON N2,3.84,"3,84",0.0,"0,00",-6.378,"-6,37",939918.0,"939,92 K"
185,2025-07-21T16:54:00,TAEE3,TAESA ON N2,11.26,"11,26",0.80573,"0,80",7.14728,"7,14",931002.0,931 K
186,2025-07-21T17:05:00,ITSA3,ITAUSA ON N1,10.56,"10,56",1.44092,"1,44",16.65801,"16,65",882419.0,"882,42 K"
187,2025-07-21T17:05:00,FIQE3,UNIFIQUE ON NM,3.62,"3,62",-1.0929,"-1,09",9.94685,"9,94",828525.0,"828,53 K"
188,2025-07-21T17:07:00,ROMI3,ROMI ON NM,8.6,"8,60",2.38095,"2,38",-14.60714,"-14,60",819393.0,"819,39 K"
189,2025-07-21T17:06:00,AZEV4,AZEVEDO PN,0.54,"0,54",-3.57143,"-3,57",-51.84161,"-51,84",799619.0,"799,62 K"
190,2025-07-21T17:05:00,GGBR3,GERDAU ON N1,15.09,"15,09",3.00341,"3,00",-5.46001,"-5,46",740763.0,"740,76 K"
191,2025-07-21T17:07:00,DASA3,DASA ON NM,1.21,"1,21",-2.41935,"-2,41",-65.52707,"-65,52",738073.0,"738,07 K"
192,2025-07-21T17:07:00,ENJU3,ENJOEI ON NM,1.02,"1,02",0.0,"0,00",-46.59686,"-46,59",731486.0,"731,49 K"
193,2025-07-21T17:00:00,AMOB3,AUTOMOB ON NM,10.8,"10,80",2.27273,"2,27",,,729756.0,"729,76 K"
194,2025-07-21T17:06:00,DEXP3,DEXXOS PAR ON N1,8.92,"8,92",2.88351,"2,88",-5.26562,"-5,26",717001.0,717 K
195,2025-07-21T17:07:00,PTBL3,PORTOBELLO ON NM,3.97,"3,97",0.50633,"0,50",-16.77149,"-16,77",701099.0,"701,1 K"
196,2025-07-21T17:07:00,POMO3,MARCOPOLO ON N2,6.5,"6,50",0.93168,"0,93",38.1979,"38,19",691629.0,"691,63 K"
197,2025-07-21T17:06:00,MLAS3,MULTILASER ON NM,1.02,"1,02",-2.85714,"-2,85",-47.95918,"-47,95",647530.0,"647,53 K"
198,2025-07-21T17:12:00,RNEW4,RENOVA PN N2,1.41,"1,41",7.63359,"7,63",62.06897,"62,06",617084.0,"617,08 K"
199,2025-07-21T16:47:00,EKTR4,ELEKTRO PN,56.46,"56,46",17.64951,"17,64",60.32941,"60,32",615575.0,"615,58 K"
200,2025-07-21T17:07:00,SANB3,SANTANDER BRON EJ,12.53,"12,53",0.24,"0,24",-2.00296,"-2,00",614663.0,"614,66 K"
201,2025-07-21T17:06:00,MELK3,MELNICK ON NM,3.36,"3,36",0.29851,"0,29",29.17115,"29,17",611249.0,"611,25 K"
202,2025-07-21T17:05:00,AZEV3,AZEVEDO ON,0.53,"0,53",-3.63636,"-3,63",-52.38095,"-52,38",573053.0,"573,05 K"
203,2025-07-21T17:05:00,MEAL3,IMC S/A ON NM,1.31,"1,31",-2.96296,"-2,96",-9.02778,"-9,02",550312.0,"550,31 K"
204,2025-07-21T17:05:00,BMEB4,MERCANTIL PN N1,38.38,"38,38",-0.5957,"-0,59",31.08237,"31,08",547037.0,"547,04 K"
205,2025-07-21T17:10:00,BSLV39,SILVER TRUSTDRE,65.85,"65,85",1.46379,"1,46",31.83183,"31,83",543142.92,"543,14 K"
206,2025-07-21T17:07:00,DESK3,DESKTOP ON NM,8.24,"8,24",1.47783,"1,47",-46.50948,"-46,50",510887.0,"510,89 K"
207,2025-07-21T17:05:00,CSED3,CRUZEIRO EDUON NM,4.85,"4,85",0.0,"0,00",38.0115,"38,01",470378.0,"470,38 K"
208,2025-07-21T17:05:00,TECN3,TECHNOS ON NM,6.21,"6,21",-2.35849,"-2,35",6.75422,"6,75",454790.0,"454,79 K"
209,2025-07-21T16:54:00,BIVB39,CORE SP 500 DRE,87.92,"87,92",-0.31746,"-0,31",14.56434,"14,56",446274.37,"446,27 K"
210,2025-07-21T17:05:00,ESPA3,ESPACOLASER ON NM,1.08,"1,08",-3.57143,"-3,57",3.84615,"3,84",439522.0,"439,52 K"
211,2025-07-21T16:25:00,CLSC4,CELESC PN N2,103.45,"103,45",0.00967,"0,00",47.26691,"47,26",430604.0,"430,6 K"
212,2025-07-21T17:00:00,BAZA3,AMAZONIA ON,70.66,"70,66",-0.5069,"-0,50",-17.21507,"-17,21",412956.0,"412,96 K"
213,2025-07-21T17:05:00,LOGN3,LOG-IN ON NM,25.92,"25,92",-0.95529,"-0,95",-35.68238,"-35,68",407913.0,"407,91 K"
214,2025-07-21T17:06:00,EUCA4,EUCATEX PN N1,16.93,"16,93",-1.45518,"-1,45",10.06586,"10,06",394775.0,"394,78 K"
215,2025-07-21T17:05:00,CEBR6,CEB PNB,20.8,"20,80",-1.65485,"-1,65",18.79808,"18,79",356836.0,"356,84 K"
216,2025-07-21T17:05:00,RNEW3,RENOVA ON N2,1.42,"1,42",1.42857,"1,42",56.04396,"56,04",339417.0,"339,42 K"
217,2025-07-21T17:06:00,VVEO3,VIVEO ON NM,1.12,"1,12",-1.75439,"-1,75",-52.74262,"-52,74",334379.0,"334,38 K"
218,2025-07-21T17:16:00,IFCM3,INFRACOMM ON NM,0.05,"0,05",25.0,"25,00",-82.5419,"-82,54",309563.0,"309,56 K"
219,2025-07-21T17:05:00,RCSL3,RECRUSUL ON,2.05,"2,05",0.98522,"0,98",-28.07018,"-28,07",283536.0,"283,54 K"
220,2025-07-21T17:06:00,AERI3,AERIS ON NM,4.23,"4,23",0.0,"0,00",-27.8157,"-27,81",274671.0,"274,67 K"
221,2025-07-21T17:05:00,TCSA3,TECNISA ON NM,1.8,"1,80",0.0,"0,00",-15.88785,"-15,88",274469.0,"274,47 K"
222,2025-07-21T17:05:00,OFSA3,OUROFINO S/AON NM,22.4,"22,40",0.62893,"0,62",34.2113,"34,21",268440.0,"268,44 K"
223,2025-07-21T16:54:00,ETER3,ETERNIT ON NM,3.72,"3,72",-0.8,"-0,80",-35.65016,"-35,65",251732.0,"251,73 K"
224,2025-07-21T17:05:00,ALLD3,ALLIED ON NM,6.89,"6,89",-0.28944,"-0,28",-3.15144,"-3,15",228891.0,"228,89 K"
225,2025-07-21T17:05:00,UNIP3,UNIPAR ON,49.15,"49,15",-1.85703,"-1,85",6.262,"6,26",212960.0,"212,96 K"
226,2025-07-21T17:08:00,SEQL3,SEQUOIA LOG ON NM,0.99,"0,99",3.125,"3,12",-76.37232,"-76,37",210852.0,"210,85 K"
227,2025-07-21T17:06:00,IGTI3,IGUATEMI S.AON N1,2.53,"2,53",2.01613,"2,01",-0.60111,"-0,60",204674.0,"204,67 K"
228,2025-07-21T17:00:00,RAPT3,RANDON PART ON ES N1,7.1,"7,10",-6.72867,"-6,72",-24.50182,"-24,50",197051.0,"197,05 K"
229,2025-07-21T17:05:00,BIEU39,COREMSCI EURDRE,63.28,"63,28",3.02833,"3,02",18.51563,"18,51",192369.19,"192,37 K"
230,2025-07-21T17:05:00,BRKM3,BRASKEM ON N1,8.98,"8,98",-0.22222,"-0,22",-50.82147,"-50,82",187728.0,"187,73 K"
231,2025-07-21T17:00:00,EALT4,ACO ALTONA PN,14.2,"14,20",0.42433,"0,42",29.15901,"29,15",186273.0,"186,27 K"
232,2025-07-21T16:54:00,ALPK3,ESTAPAR ON NM,2.98,"2,98",-0.66667,"-0,66",-16.75978,"-16,75",182076.0,"182,08 K"
233,2025-07-21T17:06:00,CSUD3,CSU DIGITAL ON NM,17.57,"17,57",0.4,"0,40",-7.51999,"-7,51",170378.0,"170,38 K"
234,2025-07-21T17:00:00,SCAR3,SAO CARLOS ON NM,16.99,"16,99",1.07079,"1,07",-17.84849,"-17,84",169563.0,"169,56 K"
235,2025-07-21T17:05:00,DMVF3,D1000VFARMA ON NM,4.61,"4,61",-1.70576,"-1,70",-41.49746,"-41,49",141053.0,"141,05 K"
236,2025-07-21T17:08:00,SHOW3,TIME FOR FUNON NM,6.73,"6,73",1.05105,"1,05",-58.45679,"-58,45",126351.0,"126,35 K"
237,2025-07-21T17:06:00,AALR3,ALLIAR ON NM,4.96,"4,96",-2.16963,"-2,16",-59.96772,"-59,96",124170.0,"124,17 K"
238,2025-07-21T17:08:00,AMAR3,LOJAS MARISAON NM,1.31,"1,31",4.8,"4,80",-10.88435,"-10,88",123437.0,"123,44 K"
239,2025-07-21T17:05:00,AGXY3,AGROGALAXY ON NM,6.09,"6,09",0.99502,"0,99",331.91489,"331,91",121003.0,121 K
240,2025-07-21T15:59:00,BITO39,CORE SP TOTADRE,76.72,"76,72",0.22208,"0,22",14.48303,"14,48",120489.3,"120,49 K"
241,2025-07-21T17:05:00,LAND3,TERRASANTAPAON NM,10.0,"10,00",1.21457,"1,21",-29.41143,"-29,41",117635.0,"117,64 K"
242,2025-07-21T16:48:00,CAMB3,CAMBUCI ON,9.64,"9,64",0.94241,"0,94",-7.19883,"-7,19",113102.0,"113,1 K"
243,2025-07-21T14:53:00,BIWM39,RUSSELL 2000DRE,61.92,"61,92",-0.16124,"-0,16",2.74842,"2,74",112670.17,"112,67 K"
244,2025-07-21T17:00:00,HAGA4,HAGA S/A PN,1.21,"1,21",1.68067,"1,68",4.31034,"4,31",109416.0,"109,42 K"
245,2025-07-21T17:05:00,COCE5,COELCE PNA ES,27.99,"27,99",0.82853,"0,82",-2.76456,"-2,76",109278.0,"109,28 K"
246,2025-07-21T17:06:00,PDGR3,PDG REALT ON NM,0.22,"0,22",0.0,"0,00",-99.07368,"-99,07",107430.0,"107,43 K"
247,2025-07-21T17:07:00,RSUL4,RIOSULENSE PN,67.46,"67,46",0.23774,"0,23",7.48628,"7,48",99973.0,"99,97 K"
248,2025-07-21T16:44:00,ISAE3,ISA ENERGIA ON N1,30.75,"30,75",-1.53698,"-1,53",2.70301,"2,70",94870.0,"94,87 K"
249,2025-07-21T17:07:00,LVTC3,WDC NETWORKSON NM,3.43,"3,43",-4.72222,"-4,72",6.58132,"6,58",87424.0,"87,42 K"
250,2025-07-21T17:05:00,INEP3,INEPAR ON,2.0,"2,00",0.50251,"0,50",8.70156,"8,70",86626.0,"86,63 K"
251,2025-07-21T16:53:00,NGRD3,NEOGRID ON NM,25.54,"25,54",2.16,"2,16",-7.13031,"-7,13",86285.0,"86,29 K"
252,2025-07-21T17:05:00,BIOM3,BIOMM ON MA,7.4,"7,40",-3.01442,"-3,01",-35.2847,"-35,28",85038.0,"85,04 K"
253,2025-07-21T17:05:00,FHER3,FER HERINGERON NM,4.11,"4,11",1.23153,"1,23",-0.96386,"-0,96",80879.0,"80,88 K"
254,2025-07-21T17:06:00,PMAM3,PARANAPANEMAON NM,1.61,"1,61",-1.82927,"-1,82",-22.6036,"-22,60",80428.0,"80,43 K"
255,2025-07-21T16:50:00,CGRA4,GRAZZIOTIN PN,27.5,"27,50",-0.07267,"-0,07",18.51252,"18,51",79850.0,"79,85 K"
256,2025-07-21T17:05:00,TASA3,TAURUS ARMASON N2,6.49,"6,49",-3.85185,"-3,85",-40.05505,"-40,05",77094.0,"77,09 K"
257,2025-07-21T16:40:00,BEFA39,MSCI EAFE DRE,62.01,"62,01",1.02639,"1,02",12.75427,"12,75",76880.7,"76,88 K"
258,2025-07-21T17:00:00,VSTE3,VESTE ON NM,6.01,"6,01",-0.33167,"-0,33",-56.44928,"-56,44",75294.0,"75,29 K"
259,2025-07-21T17:05:00,OIBR4,OI PN N1,8.04,"8,04",-5.96491,"-5,96",-35.8258,"-35,82",70353.0,"70,35 K"
260,2025-07-21T17:05:00,LPSB3,LOPES BRASILON NM,1.41,"1,41",-2.75862,"-2,75",-20.14498,"-20,14",63191.0,"63,19 K"
261,2025-07-21T16:34:00,ENGI3,ENERGISA ON N2,11.19,"11,19",1.81984,"1,81",-19.19411,"-19,19",62568.0,"62,57 K"
262,2025-07-21T17:05:00,WHRL4,WHIRLPOOL PN,4.19,"4,19",0.47962,"0,47",9.45949,"9,45",61308.0,"61,31 K"
263,2025-07-21T16:37:00,BPAC3,BTGP BANCO ON N2,22.31,"22,31",-1.4576,"-1,45",45.57722,"45,57",58711.0,"58,71 K"
264,2025-07-21T16:17:00,BGIP4,BANESE PN,28.56,"28,56",-3.05499,"-3,05",42.42329,"42,42",56662.0,"56,66 K"
265,2025-07-21T12:15:00,BAAX39,MSCI ASIA JPDRE,47.57,"47,57",0.93359,"0,93",19.25145,"19,25",55464.43,"55,46 K"
266,2025-07-21T16:40:00,BACW39,MSCI ACWI DRE,72.66,"72,66",0.24834,"0,24",15.47979,"15,47",54844.46,"54,84 K"
267,2025-07-21T16:27:00,TPIS3,TRIUNFO PARTON NM,3.97,"3,97",-0.99751,"-0,99",9.36338,"9,36",51506.0,"51,51 K"
268,2025-07-21T17:00:00,EMAE4,EMAE PN,29.35,"29,35",-1.51007,"-1,51",-37.13157,"-37,13",50158.0,"50,16 K"
269,2025-07-21T17:05:00,CEBR3,CEB ON,19.17,"19,17",-1.33814,"-1,33",0.67061,"0,67",46102.0,"46,1 K"
270,2025-07-21T17:05:00,BEES3,BANESTES ON,8.46,"8,46",-0.35336,"-0,35",-1.74787,"-1,74",41498.0,"41,5 K"
271,2025-07-21T16:42:00,NUTR3,NUTRIPLANT ON MA,3.06,"3,06",-0.32573,"-0,32",-35.71429,"-35,71",40105.0,"40,11 K"
272,2025-07-21T16:54:00,EPAR3,EMBPAR S/A ON,4.85,"4,85",-1.42276,"-1,42",18.39375,"18,39",37734.0,"37,73 K"
273,2025-07-21T16:40:00,BIYW39,US TECHNOLOGDRE,28.5,"28,50",0.74231,"0,74",20.44323,"20,44",36880.39,"36,88 K"
274,2025-07-21T15:24:00,ENGI4,ENERGISA PN N2,8.54,"8,54",-0.69767,"-0,69",16.09255,"16,09",36874.0,"36,87 K"
275,2025-07-21T15:37:00,BPAC5,BTGP BANCO PNA N2,8.56,"8,56",-3.49493,"-3,49",9.13634,"9,13",36578.0,"36,58 K"
276,2025-07-21T16:37:00,BNDA39,MSCI INDIA DRE,76.12,"76,12",-0.3143,"-0,31",-2.77398,"-2,77",31664.51,"31,66 K"
277,2025-07-21T17:00:00,DOTZ3,DOTZ SA ON NM,5.1,"5,10",2.40964,"2,40",-23.30827,"-23,30",31664.0,"31,66 K"
278,2025-07-21T16:40:00,BEWZ39,MSCI BRAZIL DRE,50.35,"50,35",0.5994,"0,59",1.5807,"1,58",30310.83,"30,31 K"
279,2025-07-21T16:54:00,BAER39,US AEROSPACEDRE,54.4,"54,40",0.29499,"0,29",46.8631,"46,86",29176.3,"29,18 K"
280,2025-07-21T17:00:00,LUPA3,LUPATECH ON NM,1.19,"1,19",2.58621,"2,58",-30.81395,"-30,81",28941.0,"28,94 K"
281,2025-07-21T17:05:00,BRSR3,BANRISUL ON N1,11.65,"11,65",0.17197,"0,17",2.1652,"2,16",25587.0,"25,59 K"
282,2025-07-21T16:38:00,PINE3,PINE ON EJ N2,5.71,"5,71",-1.21107,"-1,21",17.02738,"17,02",25270.0,"25,27 K"
283,2025-07-21T16:54:00,BIEM39,COREMSCI EMKDRE,57.18,"57,18",0.40386,"0,40",15.89374,"15,89",24972.54,"24,97 K"
284,2025-07-21T16:24:00,VIVR3,VIVER ON NM,0.83,"0,83",0.0,"0,00",-30.54393,"-30,54",24166.0,"24,17 K"
285,2025-07-21T16:49:00,BEES4,BANESTES PN,8.4,"8,40",-0.23753,"-0,23",-6.70088,"-6,70",23597.0,"23,6 K"
286,2025-07-21T17:08:00,BSLI4,BRB BANCO PN,7.95,"7,95",-1.48699,"-1,48",-19.46839,"-19,46",22633.0,"22,63 K"
287,2025-07-21T16:40:00,BEEM39,MSCI EMGMARKDRE,45.97,"45,97",0.37118,"0,37",16.41482,"16,41",21665.23,"21,67 K"
288,2025-07-21T17:00:00,CTKA4,KARSTEN PN,34.22,"34,22",-2.22857,"-2,22",80.10526,"80,10",21157.0,"21,16 K"
289,2025-07-21T16:42:00,BEWG39,MSCI GERMANYDRE,78.88,"78,88",0.92119,"0,92",38.43745,"38,43",20866.79,"20,87 K"
290,2025-07-21T17:05:00,CTAX3,CONTAX ON,1.05,"1,05",-6.25,"-6,25",-76.66667,"-76,66",20321.0,"20,32 K"
291,2025-07-21T12:06:00,FRIO3,METALFRIO ON NM,203.0,"203,00",-0.97561,"-0,97",-17.14286,"-17,14",20300.0,"20,3 K"
292,2025-07-21T12:19:00,CGRA3,GRAZZIOTIN ON,28.99,"28,99",0.65972,"0,65",26.70842,"26,70",20050.0,"20,05 K"
293,2025-07-21T16:10:00,EALT3,ACO ALTONA ON,15.19,"15,19",2.98305,"2,98",46.02961,"46,02",19558.0,"19,56 K"
294,2025-07-21T17:07:00,INEP4,INEPAR PN,1.51,"1,51",-5.03145,"-5,03",-16.57919,"-16,57",19073.0,"19,07 K"
295,2025-07-21T17:09:00,RSID3,ROSSI RESID ON ES NM,1.98,"1,98",-3.8835,"-3,88",-55.50562,"-55,50",17574.0,"17,57 K"
296,2025-07-21T16:54:00,UCAS3,UNICASA ON NM,1.37,"1,37",-2.14286,"-2,14",-34.0617,"-34,06",17191.0,"17,19 K"
297,2025-07-21T11:26:00,BCHI39,MSCI CHINA DRE,40.36,"40,36",0.39801,"0,39",39.37138,"39,37",17107.51,"17,11 K"
298,2025-07-21T17:00:00,BAUH4,EXCELSIOR PN,82.48,"82,48",-0.01212,"-0,01",7.09797,"7,09",16496.0,"16,5 K"
299,2025-07-21T17:00:00,EUCA3,EUCATEX ON N1,19.31,"19,31",-1.32856,"-1,32",23.78443,"23,78",15685.0,"15,69 K"
300,2025-07-21T17:00:00,TKNO3,TEKNO ON,78.0,"78,00",-21.45211,"-21,45",191.80696,"191,80",15600.0,"15,6 K"
301,2025-07-21T17:05:00,BOBR4,BOMBRIL PN,1.47,"1,47",-0.67568,"-0,67",-28.64078,"-28,64",14574.0,"14,57 K"
302,2025-07-21T16:40:00,BILF39,LATIN AMER40DRE,46.79,"46,79",-0.74247,"-0,74",3.19032,"3,19",14385.76,"14,39 K"
303,2025-07-21T15:56:00,CRPG5,CRISTAL PNA,16.1,"16,10",0.625,"0,62",-46.77686,"-46,77",14380.0,"14,38 K"
304,2025-07-21T12:30:00,WLMM4,WLM IND COM PN,22.5,"22,50",0.62612,"0,62",-26.04523,"-26,04",13250.0,"13,25 K"
305,2025-07-21T14:01:00,CGAS5,COMGAS PNA,128.28,"128,28",-1.36101,"-1,36",21.28203,"21,28",12828.0,"12,83 K"
306,2025-07-21T12:09:00,UNIP5,UNIPAR PNA,56.0,"56,00",-1.75439,"-1,75",20.61687,"20,61",11200.0,"11,2 K"
307,2025-07-21T17:05:00,TRAD3,TC ON NM,7.3,"7,30",-2.53672,"-2,53",100.54945,"100,54",10242.0,"10,24 K"
308,2025-07-21T14:38:00,BEGD39,TRTMSCI EAFEDRE,61.68,"61,68",2.0854,"2,08",10.67072,"10,67",9764.4,"9,76 K"
309,2025-07-21T10:00:00,BDVY39,SELECT DIVIDDRE,74.0,"74,00",-2.24571,"-2,24",5.86386,"5,86",8880.0,"8,88 K"
310,2025-07-21T17:05:00,MTSA4,METISA PN,43.19,"43,19",-1.09915,"-1,09",5.61658,"5,61",8570.0,"8,57 K"
311,2025-07-21T13:20:00,TELB3,TELEBRAS ON,12.36,"12,36",2.14876,"2,14",-6.85757,"-6,85",8495.0,"8,5 K"
312,2025-07-21T17:00:00,PDTC3,PADTEC ON NM,1.0,"1,00",-1.96078,"-1,96",-45.94595,"-45,94",8334.0,"8,33 K"
313,2025-07-21T17:11:00,ALPA3,ALPARGATAS ON N1,7.6,"7,60",1.33333,"1,33",-15.54148,"-15,54",8200.0,"8,2 K"
314,2025-07-21T15:48:00,PTNT4,PETTENATI PN,4.62,"4,62",0.0,"0,00",-24.75938,"-24,75",7843.0,"7,84 K"
315,2025-07-21T15:31:00,CEED3,CEEE-D ON,7.0,"7,00",0.0,"0,00",-53.97765,"-53,97",7324.0,"7,32 K"
316,2025-07-21T15:44:00,TELB4,TELEBRAS PN,7.27,"7,27",-0.41096,"-0,41",-22.65957,"-22,65",6482.0,"6,48 K"
317,2025-07-21T12:20:00,BIXN39,GLOBAL TECH DRE,17.75,"17,75",1.77752,"1,77",16.89167,"16,89",6265.77,"6,27 K"
318,2025-07-21T14:39:00,ESTR4,ESTRELA PN,3.49,"3,49",-0.28571,"-0,28",75.37688,"75,37",6127.0,"6,13 K"
319,2025-07-21T15:03:00,MWET4,WETZEL S/A PN,11.8,"11,80",-2.47934,"-2,47",7.27273,"7,27",5791.0,"5,79 K"
320,2025-07-21T10:18:00,EKTR3,ELEKTRO ON,44.99,"44,99",21.59459,"21,59",179.83206,"179,83",4499.0,"4,5 K"
321,2025-07-21T14:22:00,WHRL3,WHIRLPOOL ON,4.35,"4,35",3.81862,"3,81",15.35708,"15,35",4192.0,"4,19 K"
322,2025-07-21T10:39:00,PATI3,PANATLANTICAON,40.0,"40,00",-1.08803,"-1,08",91.6186,"91,61",4000.0,4 K
323,2025-07-21T11:53:00,CPLE5,COPEL PNA N2,13.19,"13,19",2.64591,"2,64",0.94594,"0,94",3958.0,"3,96 K"
324,2025-07-21T11:28:00,PEAB4,PAR AL BAHIAPN,39.0,"39,00",-8.25688,"-8,25",-13.11128,"-13,11",3900.0,"3,9 K"
325,2025-07-21T16:08:00,CEBR5,CEB PNA,19.29,"19,29",-1.22888,"-1,22",18.13989,"18,13",3858.0,"3,86 K"
326,2025-07-21T16:53:00,CEEB3,COELBA ON,37.1,"37,10",-1.01387,"-1,01",-2.58965,"-2,58",3710.0,"3,71 K"
327,2025-07-21T17:05:00,RDNI3,RNI ON NM,2.27,"2,27",-1.7316,"-1,73",-27.70701,"-27,70",3649.0,"3,65 K"
328,2025-07-21T14:43:00,SNSY5,SANSUY PNA,3.47,"3,47",-3.07263,"-3,07",-41.38514,"-41,38",3460.0,"3,46 K"
329,2025-07-21T16:40:00,BEWH39,MSCIHONGKONGDRE,38.07,"38,07",2.1465,"2,14",33.94082,"33,94",3273.14,"3,27 K"
330,2025-07-21T16:40:00,BIEF39,COREMSCIEAFEDRE,57.98,"57,98",0.39827,"0,39",13.5469,"13,54",3184.51,"3,18 K"
331,2025-07-21T13:14:00,HBTS5,HABITASUL PNA,29.08,"29,08",0.0,"0,00",-15.99503,"-15,99",2908.0,"2,91 K"
332,2025-07-21T17:00:00,AVLL3,ALPHAVILLE ON NM,1.7,"1,70",-0.5848,"-0,58",-52.11268,"-52,11",2892.0,"2,89 K"
333,2025-07-21T17:05:00,REDE3,REDE ENERGIAON,6.54,"6,54",-0.15267,"-0,15",-0.21209,"-0,21",2646.0,"2,65 K"
334,2025-07-21T16:48:00,JFEN3,JOAO FORTES ON,1.57,"1,57",0.64103,"0,64",772.22222,"772,22",2236.0,"2,24 K"
335,2025-07-21T16:21:00,DOHL4,DOHLER PN,4.29,"4,29",0.94118,"0,94",3.88415,"3,88",2047.0,"2,05 K"
336,2025-07-21T16:10:00,RPAD3,ALFA HOLDINGON,5.0,"5,00",16.27907,"16,27",-42.72623,"-42,72",1920.0,"1,92 K"
337,2025-07-21T14:26:00,BEWJ39,MSCI JAPAN DRE,50.6,"50,60",1.40281,"1,40",4.11908,"4,11",1874.66,"1,87 K"
338,2025-07-21T14:57:00,OSXB3,OSX BRASIL ON NM,2.55,"2,55",0.79051,"0,79",-32.53968,"-32,53",1821.0,"1,82 K"
339,2025-07-21T10:00:00,BEZU39,MSCIEUROZONEDRE,82.43,"82,43",-0.27825,"-0,27",20.39271,"20,39",1648.6,"1,65 K"
340,2025-07-21T10:22:00,LUXM4,TREVISA PN,4.14,"4,14",6.15385,"6,15",-43.49897,"-43,49",1582.0,"1,58 K"
341,2025-07-21T16:20:00,BALM4,BAUMER PN,15.8,"15,80",-2.64941,"-2,64",69.85594,"69,85",1580.0,"1,58 K"
342,2025-07-21T13:45:00,HOOT4,HOTEIS OTHONPN,3.93,"3,93",-1.25628,"-1,25",61.06557,"61,06",1572.0,"1,57 K"
343,2025-07-21T10:21:00,BSLI3,BRB BANCO ON,7.7,"7,70",0.0,"0,00",-19.76994,"-19,76",1540.0,"1,54 K"
344,2025-07-21T16:44:00,BEWU39,MSCI UK DRE,74.41,"74,41",1.05935,"1,05",13.52783,"13,52",1486.94,"1,49 K"
345,2025-07-21T10:18:00,CBEE3,AMPLA ENERG ON,14.83,"14,83",23.58333,"23,58",62.20236,"62,20",1483.0,"1,48 K"
346,2025-07-21T16:40:00,BEWT39,MSCI TAIWAN DRE,55.28,"55,28",0.32668,"0,32",13.43373,"13,43",994.8,"994,8"
347,2025-07-21T11:21:00,HAGA3,HAGA S/A ON,1.86,"1,86",-4.12371,"-4,12",-31.36531,"-31,36",946.0,946
348,2025-07-21T15:42:00,WEST3,WESTWING ON NM,3.69,"3,69",1.65289,"1,65",-58.06818,"-58,06",738.0,738
349,2025-07-21T15:30:00,TXRX4,TEX RENAUX PN,1.6,"1,60",1.26582,"1,26",-32.20339,"-32,20",480.0,480
350,2025-07-21T16:53:00,GSHP3,GENERALSHOPPON,4.3,"4,30",0.0,"0,00",-59.04762,"-59,04",430.0,430
351,2025-07-21T17:07:00,CTSA4,SANTANENSE PN,2.62,"2,62",0.76923,"0,76",162.0,"162,00",262.0,262
